,x_ego,y_ego,yaw_rad_ego,v_mps_ego,acc_mpss_ego,width_ego,length_ego,locationPoint2Head_ego,locationPoint2Rear_ego,x_2,y_2,yaw_rad_2,v_mps_2,acc_mpss_2,width_2,length_2,locationPoint2Head_2,locationPoint2Rear_2,x_4,y_4,yaw_rad_4,v_mps_4,acc_mpss_4,width_4,length_4,locationPoint2Head_4,locationPoint2Rear_4,x_3,y_3,yaw_rad_3,v_mps_3,acc_mpss_3,width_3,length_3,locationPoint2Head_3,locationPoint2Rear_3,x_1,y_1,yaw_rad_1,v_mps_1,acc_mpss_1,width_1,length_1,locationPoint2Head_1,locationPoint2Rear_1,end
0.0,2368.88,1004.35,1.58,5,0,4,9,6.5,2.5,2376.5168,1033.7144,1.3219,3.6635,-0.3409,1.877,4.49,2.245,2.245,2358.2977,1052.5554,0.0078,3.2779,-0.2997,1.877,4.49,2.245,2.245,,,,,,,,,,,,,,,,,,,-1.0
0.1,2368.8754,1004.85,1.5784,4.6083,-3.9168,4,9,6.5,2.5,2376.6134,1034.073,1.3331,3.6902,-0.2851,1.877,4.49,2.245,2.245,2358.6377,1052.5456,6.2623,3.3008,-0.2672,1.877,4.49,2.245,2.245,,,,,,,,,,,,,,,,,,,-1.0
0.2,2368.8719,1005.3108,1.577,4.251,-3.5736,4,9,6.5,2.5,2376.7176,1034.4338,1.3458,3.7026,-0.2252,1.877,4.49,2.245,2.245,2358.9764,1052.541,6.2345,3.2999,-0.2246,1.877,4.49,2.245,2.245,,,,,,,,,,,,,,,,,,,-1.0
0.30000000000000004,2368.8692,1005.7359,1.5757,3.9259,-3.2502,4,9,6.5,2.5,2376.8225,1034.7998,1.3602,3.7496,-0.1652,1.877,4.49,2.245,2.245,2359.3126,1052.5328,6.209,3.2952,-0.1796,1.877,4.49,2.245,2.245,,,,,,,,,,,,,,,,,,,-1.0
0.4,2368.8673,1006.1285,1.5746,3.6255,-3.0045,4,9,6.5,2.5,2376.9171,1035.1719,1.3743,3.7684,-0.1149,1.877,4.49,2.245,2.245,2359.6446,1052.505,6.1827,3.2442,-0.1375,1.877,4.49,2.245,2.245,,,,,,,,,,,,,,,,,,,-1.0
0.5,2368.8659,1006.491,1.5736,3.3492,-2.7624,4,9,6.5,2.5,2376.9972,1035.5445,1.388,3.7814,-0.0792,1.877,4.49,2.245,2.245,2359.9762,1052.4558,6.1551,3.2392,-0.1032,1.877,4.49,2.245,2.245,,,,,,,,,,,,,,,,,,,-1.0
0.6,2368.865,1006.8259,1.5726,3.0908,-2.584,4,9,6.5,2.5,2377.0672,1035.9134,1.4025,3.7576,-0.0579,1.877,4.49,2.245,2.245,2360.3084,1052.3932,6.1273,3.2796,-0.0778,1.877,4.49,2.245,2.245,,,,,,,,,,,,,,,,,,,-1.0
0.7,2368.8644,1007.135,1.5718,2.8478,-2.4304,4,9,6.5,2.5,2377.1305,1036.278,1.418,3.7428,-0.0508,1.877,4.49,2.245,2.245,2360.6394,1052.3295,6.1007,3.3014,-0.0599,1.877,4.49,2.245,2.245,,,,,,,,,,,,,,,,,,,-1.0
0.7999999999999999,2368.8641,1007.4198,1.571,2.6189,-2.2895,4,9,6.5,2.5,2377.1973,1036.6392,1.4348,3.7238,-0.0589,1.877,4.49,2.245,2.245,2360.9695,1052.265,6.0753,3.2957,-0.0448,1.877,4.49,2.245,2.245,,,,,,,,,,,,,,,,,,,-1.0
0.8999999999999999,2368.8641,1007.6817,1.5703,2.4026,-2.1624,4,9,6.5,2.5,2377.2718,1036.9952,1.4535,3.6882,-0.0771,1.877,4.49,2.245,2.245,2361.295,1052.1884,6.0506,3.3035,-0.0276,1.877,4.49,2.245,2.245,,,,,,,,,,,,,,,,,,,-1.0
0.9999999999999999,2368.8642,1007.922,1.5697,2.1979,-2.0468,4,9,6.5,2.5,2377.3457,1037.3504,1.4724,3.672,-0.1059,1.877,4.49,2.245,2.245,2361.617,1052.1016,6.0245,3.3067,-0.0103,1.877,4.49,2.245,2.245,2409.584,1033.6886,2.2161,5.3312,-0.0777,1.877,4.49,2.245,2.245,,,,,,,,,,-1.0
1.0999999999999999,2368.8644,1008.1417,1.5692,2.0042,-1.9376,4,9,6.5,2.5,2377.4099,1037.7032,1.492,3.6291,-0.1399,1.877,4.49,2.245,2.245,2361.938,1052.0056,5.9961,3.2926,-0.0019,1.877,4.49,2.245,2.245,2409.2713,1034.1452,2.2358,5.3476,-0.0683,1.877,4.49,2.245,2.245,,,,,,,,,,-1.0
1.2,2368.8648,1008.3422,1.5687,1.8204,-1.8377,4,9,6.5,2.5,2377.4587,1038.0555,1.5116,3.5954,-0.1762,1.877,4.49,2.245,2.245,2362.2614,1051.8989,5.9699,3.3108,-0.0043,1.877,4.49,2.245,2.245,2408.9455,1034.5889,2.255,5.3191,-0.066,1.877,4.49,2.245,2.245,,,,,,,,,,-1.0
1.3,2368.8651,1008.5242,1.5682,1.6462,-1.7421,4,9,6.5,2.5,2377.4899,1038.4076,1.5299,3.5761,-0.2133,1.877,4.49,2.245,2.245,2362.589,1051.7918,5.9483,3.3042,-0.006,1.877,4.49,2.245,2.245,2408.6139,1035.0189,2.2748,5.3048,-0.0714,1.877,4.49,2.245,2.245,,,,,,,,,,-1.0
1.4000000000000001,2368.8656,1008.6888,1.5679,1.4811,-1.6505,4,9,6.5,2.5,2377.5112,1038.7583,1.5481,3.5132,-0.2481,1.877,4.49,2.245,2.245,2362.9168,1051.6834,5.9262,3.307,0.0052,1.877,4.49,2.245,2.245,2408.2832,1035.4369,2.2958,5.2703,-0.0827,1.877,4.49,2.245,2.245,,,,,,,,,,-1.0
1.5000000000000002,2368.866,1008.8369,1.5676,1.322,-1.5914,4,9,6.5,2.5,2377.5296,1039.1026,1.5684,3.4584,-0.2861,1.877,4.49,2.245,2.245,2363.2397,1051.5704,5.9025,3.2779,0.0271,1.877,4.49,2.245,2.245,2407.9539,1035.8466,2.3173,5.2517,-0.1071,1.877,4.49,2.245,2.245,,,,,,,,,,-1.0
1.6000000000000003,2368.8664,1008.9691,1.5673,1.1712,-1.5081,4,9,6.5,2.5,2377.5528,1039.44,1.5894,3.4135,-0.3234,1.877,4.49,2.245,2.245,2363.5486,1051.434,5.8781,3.2407,0.0544,1.877,4.49,2.245,2.245,2407.6194,1036.2478,2.3391,5.2116,-0.1389,1.877,4.49,2.245,2.245,,,,,,,,,,-1.0
1.7000000000000004,2368.8668,1009.0863,1.5671,1.0284,-1.4283,4,9,6.5,2.5,2377.5723,1039.7725,1.6082,3.3645,-0.3628,1.877,4.49,2.245,2.245,2363.8519,1051.2838,5.8528,3.2858,0.0897,1.877,4.49,2.245,2.245,2407.2765,1036.6415,2.3631,5.1801,-0.1724,1.877,4.49,2.245,2.245,,,,,,,,,,-1.0
1.8000000000000005,2368.8672,1009.1891,1.5669,0.8908,-1.3761,4,9,6.5,2.5,2377.5792,1040.1026,1.624,3.3194,-0.4018,1.877,4.49,2.245,2.245,2364.162,1051.1302,5.8277,3.4129,0.1338,1.877,4.49,2.245,2.245,2406.9213,1037.0238,2.3893,5.1525,-0.2036,1.877,4.49,2.245,2.245,,,,,,,,,,-1.0
1.9000000000000006,2368.8676,1009.2782,1.5667,0.7608,-1.2999,4,9,6.5,2.5,2377.5788,1040.4274,1.641,3.2328,-0.437,1.877,4.49,2.245,2.245,2364.4803,1050.9645,5.8069,3.4736,0.1801,1.877,4.49,2.245,2.245,2406.5554,1037.3914,2.4153,5.0717,-0.2283,1.877,4.49,2.245,2.245,,,,,,,,,,-1.0
2.0000000000000004,2368.8679,1009.3542,1.5666,0.7308,-0.2999,4,9,6.5,2.5,2377.5662,1040.7458,1.6588,3.1757,-0.4697,1.877,4.49,2.245,2.245,2364.7919,1050.7771,5.7883,3.4847,0.2292,1.877,4.49,2.245,2.245,2406.1793,1037.7372,2.4406,5.0496,-0.2458,1.877,4.49,2.245,2.245,,,,,,,,,,-1.0
2.1000000000000005,2368.8682,1009.4273,1.5665,0.8008,0.7001,4,9,6.5,2.5,2377.5466,1041.056,1.6771,3.0846,-0.496,1.877,4.49,2.245,2.245,2365.1026,1050.5715,5.769,3.5824,0.2853,1.877,4.49,2.245,2.245,2405.7984,1038.0693,2.4653,5.0087,-0.2555,1.877,4.49,2.245,2.245,,,,,,,,,,-1.0
2.2000000000000006,2368.8685,1009.5074,1.5663,0.9008,1.0,4,9,6.5,2.5,2377.5273,1041.3586,1.6939,3.0432,-0.51,1.877,4.49,2.245,2.245,2365.4279,1050.3726,5.7529,3.6581,0.3341,1.877,4.49,2.245,2.245,2405.4159,1038.3977,2.4922,4.9928,-0.2593,1.877,4.49,2.245,2.245,,,,,,,,,,-1.0
2.3000000000000007,2368.8689,1009.5975,1.5661,1.0008,1.0,4,9,6.5,2.5,2377.5046,1041.6568,1.7085,2.9806,-0.5128,1.877,4.49,2.245,2.245,2365.7575,1050.1704,5.7438,3.6835,0.3694,1.877,4.49,2.245,2.245,2405.0254,1038.7199,2.5182,4.9824,-0.2586,1.877,4.49,2.245,2.245,,,,,,,,,,-1.0
2.400000000000001,2368.8694,1009.6976,1.5659,1.1008,1.0,4,9,6.5,2.5,2377.475,1041.9476,1.7233,2.9,-0.5008,1.877,4.49,2.245,2.245,2366.0861,1049.964,5.738,3.7141,0.3951,1.877,4.49,2.245,2.245,2404.6265,1039.0366,2.5422,4.9837,-0.2504,1.877,4.49,2.245,2.245,,,,,,,,,,-1.0
2.500000000000001,2368.8699,1009.8076,1.5656,1.2008,1.0,4,9,6.5,2.5,2377.441,1042.2362,1.736,2.8787,-0.4834,1.877,4.49,2.245,2.245,2366.4162,1049.7524,5.7309,3.776,0.4172,1.877,4.49,2.245,2.245,2404.2111,1039.3309,2.5642,4.9708,-0.2354,1.877,4.49,2.245,2.245,,,,,,,,,,-1.0
2.600000000000001,2368.8706,1009.9277,1.5652,1.3008,1.0,4,9,6.5,2.5,2377.3917,1042.5222,1.7492,2.8947,-0.4599,1.877,4.49,2.245,2.245,2366.7451,1049.5347,5.724,3.7716,0.4214,1.877,4.49,2.245,2.245,2403.7858,1039.6106,2.5874,4.9554,-0.2147,1.877,4.49,2.245,2.245,,,,,,,,,,-1.0
2.700000000000001,2368.8713,1010.0578,1.5648,1.4008,1.0,4,9,6.5,2.5,2377.3322,1042.8087,1.7605,2.8932,-0.4276,1.877,4.49,2.245,2.245,2367.0679,1049.3041,5.721,3.8452,0.4107,1.877,4.49,2.245,2.245,2403.3566,1039.8838,2.6114,4.942,-0.1933,1.877,4.49,2.245,2.245,,,,,,,,,,-1.0
2.800000000000001,2368.8721,1010.1979,1.5643,1.5008,1.0,4,9,6.5,2.5,2377.268,1043.095,1.7699,2.8977,-0.3852,1.877,4.49,2.245,2.245,2367.3982,1049.0744,5.7171,3.9029,0.3877,1.877,4.49,2.245,2.245,2402.9261,1040.1484,2.6334,4.9146,-0.1721,1.877,4.49,2.245,2.245,,,,,,,,,,-1.0
2.9000000000000012,2368.8731,1010.3479,1.5636,1.6008,1.0,4,9,6.5,2.5,2377.2065,1043.378,1.7791,2.8411,-0.3336,1.877,4.49,2.245,2.245,2367.7486,1048.8707,5.712,3.943,0.3548,1.877,4.49,2.245,2.245,2402.4985,1040.4086,2.654,4.9323,-0.1504,1.877,4.49,2.245,2.245,,,,,,,,,,-1.0
3.0000000000000013,2368.8743,1010.508,1.5628,1.7008,1.0,4,9,6.5,2.5,2377.1564,1043.6568,1.7914,2.8005,-0.2688,1.877,4.49,2.245,2.245,2368.1077,1048.677,5.7078,3.904,0.3154,1.877,4.49,2.245,2.245,2402.0666,1040.656,2.6714,4.9317,-0.1293,1.877,4.49,2.245,2.245,2412.5975,1026.7622,1.9805,4.9168,-0.1901,1.877,4.49,2.245,2.245,-1.0
3.1000000000000014,2368.8756,1010.6781,1.5619,1.8008,1.0,4,9,6.5,2.5,2377.125,1043.9388,1.8033,2.8393,-0.1963,1.877,4.49,2.245,2.245,2368.4605,1048.4715,5.7057,3.9171,0.2695,1.877,4.49,2.245,2.245,2401.629,1040.8934,2.6886,4.9175,-0.1098,1.877,4.49,2.245,2.245,2412.4092,1027.2203,1.9881,4.889,-0.1965,1.877,4.49,2.245,2.245,-1.0
3.2000000000000015,2368.8772,1010.8581,1.5609,1.9008,1.0,4,9,6.5,2.5,2377.0938,1044.2255,1.813,2.8644,-0.1258,1.877,4.49,2.245,2.245,2368.7947,1048.2423,5.7026,3.8788,0.2096,1.877,4.49,2.245,2.245,2401.187,1041.1243,2.704,4.9205,-0.0924,1.877,4.49,2.245,2.245,2412.2195,1027.6765,1.996,4.8771,-0.1994,1.877,4.49,2.245,2.245,-1.0
3.3000000000000016,2368.8791,1011.0482,1.5597,2.0008,1.0,4,9,6.5,2.5,2377.05,1044.513,1.8234,2.8681,-0.0613,1.877,4.49,2.245,2.245,2369.1032,1047.9842,5.6967,3.8456,0.1298,1.877,4.49,2.245,2.245,2400.7369,1041.3412,2.7166,4.9464,-0.077,1.877,4.49,2.245,2.245,2412.0288,1028.1336,2.004,4.856,-0.2018,1.877,4.49,2.245,2.245,-1.0
3.4000000000000017,2368.8813,1011.2483,1.5583,2.1008,1.0,4,9,6.5,2.5,2376.9963,1044.8015,1.8341,2.9799,0.0052,1.877,4.49,2.245,2.245,2369.4044,1047.7206,5.6905,3.8574,0.0362,1.877,4.49,2.245,2.245,2400.2811,1041.5483,2.7266,4.9456,-0.0619,1.877,4.49,2.245,2.245,2411.8391,1028.5894,2.0126,4.8334,-0.2066,1.877,4.49,2.245,2.245,-1.0
3.5000000000000018,2368.884,1011.4583,1.5566,2.2008,1.0,4,9,6.5,2.5,2376.9226,1045.0949,1.842,3.072,0.0748,1.877,4.49,2.245,2.245,2369.7142,1047.4783,5.6847,3.7828,-0.0581,1.877,4.49,2.245,2.245,2399.8239,1041.7542,2.735,4.9369,-0.0511,1.877,4.49,2.245,2.245,2411.6446,1029.0438,2.0225,4.8285,-0.219,1.877,4.49,2.245,2.245,-1.0
3.600000000000002,2368.8871,1011.6784,1.5547,2.3008,1.0,4,9,6.5,2.5,2376.8388,1045.3892,1.8521,3.0846,0.1458,1.877,4.49,2.245,2.245,2370.0354,1047.266,5.6822,3.7085,-0.1464,1.877,4.49,2.245,2.245,2399.3672,1041.9561,2.7415,4.9266,-0.0395,1.877,4.49,2.245,2.245,2411.4447,1029.4946,2.0321,4.811,-0.2369,1.877,4.49,2.245,2.245,-1.0
3.700000000000002,2368.8908,1011.9084,1.5526,2.4008,1.0,4,9,6.5,2.5,2376.7541,1045.6846,1.8687,3.1034,0.2132,1.877,4.49,2.245,2.245,2370.3596,1047.0827,5.6871,3.582,-0.2169,1.877,4.49,2.245,2.245,2398.915,1042.1604,2.7468,4.9051,-0.0306,1.877,4.49,2.245,2.245,2411.2401,1029.9417,2.0417,4.7793,-0.2632,1.877,4.49,2.245,2.245,-1.0
3.800000000000002,2368.8952,1012.1485,1.5501,2.5008,1.0,4,9,6.5,2.5,2376.6638,1045.9823,1.8865,3.1494,0.2778,1.877,4.49,2.245,2.245,2370.6754,1046.9191,5.692,3.5015,-0.2659,1.877,4.49,2.245,2.245,2398.4671,1042.3674,2.7522,4.9426,-0.0271,1.877,4.49,2.245,2.245,2411.0394,1030.3831,2.0513,4.7137,-0.2953,1.877,4.49,2.245,2.245,-1.0
3.900000000000002,2368.9003,1012.3985,1.5474,2.6008,1.0,4,9,6.5,2.5,2376.5774,1046.2872,1.9025,3.1898,0.3359,1.877,4.49,2.245,2.245,2370.965,1046.7359,5.6966,3.4303,-0.3099,1.877,4.49,2.245,2.245,2398.0153,1042.5718,2.7564,4.9152,-0.0282,1.877,4.49,2.245,2.245,2410.8442,1030.8167,2.0622,4.6316,-0.3294,1.877,4.49,2.245,2.245,-1.0
4.000000000000002,2368.9064,1012.6585,1.5443,2.7008,1.0,4,9,6.5,2.5,2376.5027,1046.6002,1.9186,3.2916,0.3836,1.877,4.49,2.245,2.245,2371.2331,1046.5208,5.7004,3.4189,-0.342,1.877,4.49,2.245,2.245,2397.559,1042.7665,2.7597,4.9372,-0.0344,1.877,4.49,2.245,2.245,2410.6439,1031.2371,2.0732,4.5736,-0.3603,1.877,4.49,2.245,2.245,-1.0
4.100000000000001,2368.9136,1012.9285,1.5409,2.8008,1.0,4,9,6.5,2.5,2376.4225,1046.9214,1.9341,3.3397,0.4222,1.877,4.49,2.245,2.245,2371.497,1046.2855,5.7024,3.4466,-0.375,1.877,4.49,2.245,2.245,2397.0982,1042.9616,2.7635,4.921,-0.0415,1.877,4.49,2.245,2.245,2410.4352,1031.6411,2.0838,4.488,-0.3834,1.877,4.49,2.245,2.245,-1.0
4.200000000000001,2368.9219,1013.2084,1.5372,2.9008,1.0,4,9,6.5,2.5,2376.331,1047.2455,1.9504,3.3932,0.4529,1.877,4.49,2.245,2.245,2371.7715,1046.0518,5.7048,3.4796,-0.4046,1.877,4.49,2.245,2.245,2396.6398,1043.1585,2.7688,4.9141,-0.0477,1.877,4.49,2.245,2.245,2410.218,1032.0302,2.0958,4.4231,-0.3968,1.877,4.49,2.245,2.245,-1.0
4.300000000000001,2368.9317,1013.4983,1.5329,3.0008,1.0,4,9,6.5,2.5,2376.2218,1047.5734,1.9627,3.5127,0.4734,1.877,4.49,2.245,2.245,2372.057,1045.8395,5.7052,3.404,-0.4217,1.877,4.49,2.245,2.245,2396.1861,1043.3537,2.7754,4.8961,-0.0586,1.877,4.49,2.245,2.245,2410.0017,1032.4149,2.1101,4.3771,-0.3967,1.877,4.49,2.245,2.245,-1.0
4.4,2368.9431,1013.7982,1.5283,3.1008,1.0,4,9,6.5,2.5,2376.0878,1047.9008,1.9736,3.5847,0.4811,1.877,4.49,2.245,2.245,2372.3611,1045.6773,5.7014,3.3834,-0.4226,1.877,4.49,2.245,2.245,2395.7357,1043.5478,2.7826,4.8571,-0.066,1.877,4.49,2.245,2.245,2409.791,1032.8065,2.125,4.3806,-0.3824,1.877,4.49,2.245,2.245,-1.0
4.5,2368.9562,1014.108,1.523,3.2007,1.0,4,9,6.5,2.5,2375.9364,1048.2264,1.9842,3.5975,0.4659,1.877,4.49,2.245,2.245,2372.6637,1045.5278,5.7054,3.221,-0.4103,1.877,4.49,2.245,2.245,2395.2868,1043.739,2.7904,4.8535,-0.0675,1.877,4.49,2.245,2.245,2409.5794,1033.2042,2.1383,4.3969,-0.3594,1.877,4.49,2.245,2.245,-1.0
4.6,2368.9715,1014.4277,1.5174,3.3007,1.0,4,9,6.5,2.5,2375.7833,1048.5537,1.998,3.6133,0.4318,1.877,4.49,2.245,2.245,2372.9395,1045.3522,5.7139,3.0999,-0.3926,1.877,4.49,2.245,2.245,2394.8362,1043.9244,2.7976,4.8389,-0.0675,1.877,4.49,2.245,2.245,2409.3577,1033.6029,2.1517,4.4039,-0.3264,1.877,4.49,2.245,2.245,-1.0
4.699999999999999,2368.9891,1014.7573,1.5112,3.4007,1.0,4,9,6.5,2.5,2375.6349,1048.888,2.0125,3.6234,0.3866,1.877,4.49,2.245,2.245,2373.1936,1045.1532,5.7155,3.0995,-0.373,1.877,4.49,2.245,2.245,2394.3821,1044.105,2.8032,4.8218,-0.0715,1.877,4.49,2.245,2.245,2409.1223,1033.9906,2.1667,4.4134,-0.2838,1.877,4.49,2.245,2.245,-1.0
4.799999999999999,2369.0094,1015.0968,1.5043,3.5007,1.0,4,9,6.5,2.5,2375.4946,1049.2269,2.0264,3.6032,0.3275,1.877,4.49,2.245,2.245,2373.4422,1044.9422,5.7173,3.1147,-0.3432,1.877,4.49,2.245,2.245,2393.9224,1044.2796,2.8076,4.8376,-0.0757,1.877,4.49,2.245,2.245,2408.8725,1034.3673,2.1814,4.4119,-0.2317,1.877,4.49,2.245,2.245,-1.0
4.899999999999999,2369.0327,1015.4461,1.4968,3.6007,1.0,4,9,6.5,2.5,2375.3562,1049.5606,2.0388,3.5462,0.2604,1.877,4.49,2.245,2.245,2373.6975,1044.7328,5.717,3.1602,-0.3103,1.877,4.49,2.245,2.245,2393.4555,1044.448,2.8117,4.8941,-0.0753,1.877,4.49,2.245,2.245,2408.6226,1034.7374,2.1984,4.3885,-0.1796,1.877,4.49,2.245,2.245,-1.0
4.999999999999998,2369.0593,1015.8052,1.4886,3.7007,1.0,4,9,6.5,2.5,2375.2147,1049.8848,2.0518,3.4972,0.1945,1.877,4.49,2.245,2.245,2373.9652,1044.5356,5.7174,3.1947,-0.2583,1.877,4.49,2.245,2.245,2392.987,1044.6168,2.8139,4.8671,-0.0746,1.877,4.49,2.245,2.245,2408.3784,1035.106,2.2167,4.3833,-0.1342,1.877,4.49,2.245,2.245,-1.0
5.099999999999998,2369.0897,1016.174,1.4797,3.8007,1.0,4,9,6.5,2.5,2375.0579,1050.1976,2.0667,3.4939,0.1346,1.877,4.49,2.245,2.245,2374.2494,1044.3603,5.7176,3.2381,-0.1998,1.877,4.49,2.245,2.245,2392.5231,1044.7879,2.8148,4.8149,-0.0733,1.877,4.49,2.245,2.245,2408.1384,1035.4768,2.2353,4.3969,-0.0971,1.877,4.49,2.245,2.245,-1.0
5.1999999999999975,2369.1243,1016.5525,1.4701,3.9007,1.0,4,9,6.5,2.5,2374.8823,1050.5011,2.0844,3.486,0.0835,1.877,4.49,2.245,2.245,2374.5377,1044.1899,5.7205,3.2714,-0.1607,1.877,4.49,2.245,2.245,2392.0606,1044.9552,2.8155,4.8092,-0.072,1.877,4.49,2.245,2.245,2407.8933,1035.8456,2.2526,4.4403,-0.0721,1.877,4.49,2.245,2.245,-1.0
5.299999999999997,2369.1635,1016.9406,1.4598,4.0007,1.0,4,9,6.5,2.5,2374.7005,1050.804,2.1062,3.4876,0.0438,1.877,4.49,2.245,2.245,2374.8224,1044.0094,5.7226,3.2627,-0.1441,1.877,4.49,2.245,2.245,2391.5993,1045.1202,2.817,4.8097,-0.0739,1.877,4.49,2.245,2.245,2407.6322,1036.2089,2.2689,4.4497,-0.0604,1.877,4.49,2.245,2.245,-1.0
5.399999999999997,2369.2078,1017.3382,1.4485,4.1007,1.0,4,9,6.5,2.5,2374.5214,1051.1115,2.1318,3.4852,0.0247,1.877,4.49,2.245,2.245,2375.0975,1043.8144,5.7225,3.3,-0.1401,1.877,4.49,2.245,2.245,2391.1362,1045.2777,2.8172,4.7913,-0.0863,1.877,4.49,2.245,2.245,2407.3552,1036.563,2.286,4.4499,-0.0547,1.877,4.49,2.245,2.245,-1.0
5.4999999999999964,2369.2578,1017.7452,1.4364,4.2007,1.0,4,9,6.5,2.5,2374.3414,1051.4223,2.1582,3.4939,0.027,1.877,4.49,2.245,2.245,2375.3637,1043.6113,5.7229,3.2071,-0.1378,1.877,4.49,2.245,2.245,2390.671,1045.4292,2.8157,4.7806,-0.1041,1.877,4.49,2.245,2.245,2407.0695,1036.9092,2.304,4.4451,-0.056,1.877,4.49,2.245,2.245,-1.0
5.599999999999996,2369.3141,1018.1615,1.4234,4.3007,1.0,4,9,6.5,2.5,2374.1502,1051.728,2.1846,3.5088,0.0493,1.877,4.49,2.245,2.245,2375.6212,1043.4131,5.727,3.0465,-0.1389,1.877,4.49,2.245,2.245,2390.206,1045.5877,2.8143,4.7633,-0.1216,1.877,4.49,2.245,2.245,2406.78,1037.2481,2.3214,4.409,-0.0626,1.877,4.49,2.245,2.245,-1.0
5.699999999999996,2369.3773,1018.5869,1.4095,4.4007,1.0,4,9,6.5,2.5,2373.9438,1052.0258,2.2119,3.5146,0.0834,1.877,4.49,2.245,2.245,2375.8742,1043.2389,5.7307,2.964,-0.1416,1.877,4.49,2.245,2.245,2389.7448,1045.756,2.8142,4.7486,-0.1437,1.877,4.49,2.245,2.245,2406.4889,1037.5778,2.3381,4.3524,-0.0738,1.877,4.49,2.245,2.245,-1.0
5.799999999999995,2369.4479,1019.0213,1.3947,4.5007,1.0,4,9,6.5,2.5,2373.7272,1052.323,2.2397,3.5713,0.1233,1.877,4.49,2.245,2.245,2376.1245,1043.0777,5.736,2.9975,-0.1376,1.877,4.49,2.245,2.245,2389.2856,1045.9224,2.8126,4.7178,-0.1742,1.877,4.49,2.245,2.245,2406.193,1037.8961,2.356,4.3394,-0.0886,1.877,4.49,2.245,2.245,-1.0
5.899999999999995,2369.5268,1019.4644,1.3788,4.6007,1.0,4,9,6.5,2.5,2373.5115,1052.6284,2.268,3.6215,0.1613,1.877,4.49,2.245,2.245,2376.3754,1042.9253,5.7394,3.074,-0.1285,1.877,4.49,2.245,2.245,2388.8282,1046.0733,2.8099,4.6713,-0.2039,1.877,4.49,2.245,2.245,2405.8974,1038.2122,2.375,4.2979,-0.1039,1.877,4.49,2.245,2.245,-1.0
5.999999999999995,2369.6146,1019.916,1.3618,4.7007,1.0,4,9,6.5,2.5,2373.2909,1052.938,2.2954,3.7224,0.193,1.877,4.49,2.245,2.245,2376.6281,1042.7674,5.7414,3.094,-0.1032,1.877,4.49,2.245,2.245,2388.3742,1046.2107,2.8077,4.6284,-0.2265,1.877,4.49,2.245,2.245,2405.5976,1038.5264,2.3933,4.2888,-0.1179,1.877,4.49,2.245,2.245,-1.0
6.099999999999994,2369.7121,1020.3758,1.3437,4.8007,1.0,4,9,6.5,2.5,2373.0547,1053.2449,2.3231,3.7629,0.2199,1.877,4.49,2.245,2.245,2376.8847,1042.5988,5.7428,3.1255,-0.0542,1.877,4.49,2.245,2.245,2387.9306,1046.352,2.8063,4.5627,-0.2366,1.877,4.49,2.245,2.245,2405.2896,1038.8384,2.4104,4.3048,-0.1303,1.877,4.49,2.245,2.245,-1.0
6.199999999999994,2369.8202,1020.8436,1.3246,4.9007,1.0,4,9,6.5,2.5,2372.8008,1053.5411,2.3493,3.7991,0.2467,1.877,4.49,2.245,2.245,2377.1475,1042.4224,5.7451,3.1841,0.0102,1.877,4.49,2.245,2.245,2387.503,1046.5138,2.8057,4.4818,-0.2402,1.877,4.49,2.245,2.245,2404.9754,1039.1475,2.4279,4.2892,-0.1367,1.877,4.49,2.245,2.245,-1.0
6.299999999999994,2369.9396,1021.3189,1.3042,5.0007,1.0,4,9,6.5,2.5,2372.5313,1053.8178,2.3763,3.7918,0.2725,1.877,4.49,2.245,2.245,2377.4171,1042.2421,5.7481,3.2468,0.0738,1.877,4.49,2.245,2.245,2387.0858,1046.6981,2.806,4.4795,-0.2356,1.877,4.49,2.245,2.245,2404.6514,1039.4449,2.445,4.2859,-0.1391,1.877,4.49,2.245,2.245,-1.0
6.399999999999993,2370.0714,1021.8013,1.2826,5.1007,1.0,4,9,6.5,2.5,2372.2543,1054.0741,2.4034,3.781,0.2998,1.877,4.49,2.245,2.245,2377.6941,1042.0654,5.7498,3.2958,0.1231,1.877,4.49,2.245,2.245,2386.6638,1046.8874,2.8044,4.5069,-0.2293,1.877,4.49,2.245,2.245,2404.3152,1039.73,2.4612,4.2824,-0.1339,1.877,4.49,2.245,2.245,-1.0
6.499999999999993,2370.2164,1022.2903,1.2598,5.2007,1.0,4,9,6.5,2.5,2371.9781,1054.3268,2.4319,3.8064,0.3188,1.877,4.49,2.245,2.245,2377.9775,1041.8941,5.7506,3.3141,0.1585,1.877,4.49,2.245,2.245,2386.2222,1047.0526,2.7978,4.5585,-0.2096,1.877,4.49,2.245,2.245,2403.9806,1040.0114,2.4783,4.2442,-0.1265,1.877,4.49,2.245,2.245,-1.0
6.5999999999999925,2370.3755,1022.7854,1.2357,5.3007,1.0,4,9,6.5,2.5,2371.7014,1054.5856,2.46,3.8545,0.3305,1.877,4.49,2.245,2.245,2378.2662,1041.7304,5.7521,3.3255,0.1843,1.877,4.49,2.245,2.245,2385.7693,1047.2113,2.7932,4.5439,-0.1747,1.877,4.49,2.245,2.245,2403.647,1040.2861,2.4944,4.2255,-0.1222,1.877,4.49,2.245,2.245,-1.0
6.699999999999992,2370.5499,1023.286,1.2105,5.4007,1.0,4,9,6.5,2.5,2371.4239,1054.8566,2.4871,3.9275,0.3364,1.877,4.49,2.245,2.245,2378.5587,1041.57,5.7541,3.3416,0.1973,1.877,4.49,2.245,2.245,2385.3178,1047.3782,2.7914,4.5608,-0.1266,1.877,4.49,2.245,2.245,2403.3159,1040.5612,2.5108,4.2212,-0.1189,1.877,4.49,2.245,2.245,-1.0
6.799999999999992,2370.7403,1023.7914,1.184,5.5007,1.0,4,9,6.5,2.5,2371.135,1055.1339,2.5133,4.0184,0.336,1.877,4.49,2.245,2.245,2378.8497,1041.4016,5.7575,3.3436,0.2017,1.877,4.49,2.245,2.245,2384.8755,1047.5551,2.7936,4.4995,-0.0759,1.877,4.49,2.245,2.245,2402.9833,1040.8333,2.5284,4.2319,-0.1174,1.877,4.49,2.245,2.245,-1.0
6.8999999999999915,2370.9478,1024.3008,1.1563,5.6007,1.0,4,9,6.5,2.5,2370.8223,1055.3929,2.5352,4.0587,0.3144,1.877,4.49,2.245,2.245,2379.1396,1041.2257,5.7612,3.3346,0.2012,1.877,4.49,2.245,2.245,2384.4444,1047.7496,2.7941,4.5842,-0.027,1.877,4.49,2.245,2.245,2402.6418,1041.0936,2.5446,4.2174,-0.1145,1.877,4.49,2.245,2.245,-1.0
6.999999999999991,2371.1733,1024.8135,1.1276,5.7007,1.0,4,9,6.5,2.5,2370.4834,1055.6267,2.5527,4.0814,0.2569,1.877,4.49,2.245,2.245,2379.4293,1041.0465,5.7636,3.3658,0.2068,1.877,4.49,2.245,2.245,2384.0148,1047.9484,2.7922,4.6244,0.0136,1.877,4.49,2.245,2.245,2402.291,1041.3363,2.5605,4.2015,-0.1048,1.877,4.49,2.245,2.245,-1.0
7.099999999999991,2371.4178,1025.3285,1.0978,5.8007,1.0,4,9,6.5,2.5,2370.138,1055.8493,2.5715,4.1032,0.1725,1.877,4.49,2.245,2.245,2379.7197,1040.8686,5.767,3.3648,0.2235,1.877,4.49,2.245,2.245,2383.582,1048.1505,2.7895,4.6378,0.0443,1.877,4.49,2.245,2.245,2401.9347,1041.5658,2.5776,4.192,-0.0875,1.877,4.49,2.245,2.245,-1.0
7.19999999999999,2371.6821,1025.8449,1.0669,5.8007,-0.0,4,9,6.5,2.5,2369.79,1056.0688,2.5936,4.0656,0.0669,1.877,4.49,2.245,2.245,2380.0147,1040.696,5.7714,3.4112,0.2542,1.877,4.49,2.245,2.245,2383.145,1048.3508,2.7878,4.6468,0.0642,1.877,4.49,2.245,2.245,2401.5785,1041.7934,2.5943,4.1791,-0.0662,1.877,4.49,2.245,2.245,-1.0
7.29999999999999,2371.9621,1026.3528,1.0358,5.7007,-1.0,4,9,6.5,2.5,2369.4535,1056.2903,2.616,3.8789,-0.0576,1.877,4.49,2.245,2.245,2380.3124,1040.5229,5.7751,3.4546,0.2998,1.877,4.49,2.245,2.245,2382.6936,1048.5276,2.7816,4.6918,0.0887,1.877,4.49,2.245,2.245,2401.2223,1042.0281,2.611,4.1988,-0.0442,1.877,4.49,2.245,2.245,-1.0
7.39999999999999,2372.2528,1026.8433,1.0051,5.5007,-2.0,4,9,6.5,2.5,2369.1462,1056.5093,2.6437,3.6305,-0.1989,1.877,4.49,2.245,2.245,2380.612,1040.3413,5.7792,3.5509,0.3564,1.877,4.49,2.245,2.245,2382.2313,1048.6906,2.7811,4.7158,0.1044,1.877,4.49,2.245,2.245,2400.861,1042.2668,2.6288,4.2211,-0.0198,1.877,4.49,2.245,2.245,-1.0
7.499999999999989,2372.5476,1027.3076,0.9754,5.2007,-3.0,4,9,6.5,2.5,2368.8635,1056.7041,2.6676,3.5211,-0.35,1.877,4.49,2.245,2.245,2380.9198,1040.1508,5.7826,3.6475,0.4161,1.877,4.49,2.245,2.245,2381.7717,1048.8641,2.7864,4.678,0.1094,1.877,4.49,2.245,2.245,2400.4908,1042.4965,2.645,4.2559,0.006,1.877,4.49,2.245,2.245,-1.0
7.599999999999989,2372.8393,1027.7382,0.9473,4.8007,-4.0,4,9,6.5,2.5,2368.587,1056.8657,2.6866,3.4294,-0.5029,1.877,4.49,2.245,2.245,2381.2419,1039.9572,5.7852,3.766,0.4769,1.877,4.49,2.245,2.245,2381.3212,1049.0557,2.7899,4.6613,0.1022,1.877,4.49,2.245,2.245,2400.1143,1042.7185,2.6617,4.2733,0.0338,1.877,4.49,2.245,2.245,-1.0
7.699999999999989,2373.1195,1028.128,0.9217,4.3007,-5.0,4,9,6.5,2.5,2368.3038,1056.999,2.6986,3.3344,-0.6486,1.877,4.49,2.245,2.245,2381.58,1039.7624,5.7876,3.8783,0.5351,1.877,4.49,2.245,2.245,2380.8819,1049.2563,2.786,4.7078,0.0816,1.877,4.49,2.245,2.245,2399.7271,1042.9249,2.679,4.2924,0.0651,1.877,4.49,2.245,2.245,-1.0
7.799999999999988,2373.3795,1028.4706,0.8989,3.7007,-6.0,4,9,6.5,2.5,2368.0108,1057.1173,2.7102,3.1809,-0.7587,1.877,4.49,2.245,2.245,2381.9282,1039.5658,5.7902,3.9536,0.5886,1.877,4.49,2.245,2.245,2380.4431,1049.4467,2.7828,4.71,0.0454,1.877,4.49,2.245,2.245,2399.331,1043.1196,2.6969,4.3182,0.0982,1.877,4.49,2.245,2.245,-1.0
7.899999999999988,2373.6098,1028.7602,0.8798,3.0007,-7.0,4,9,6.5,2.5,2367.7166,1057.229,2.7258,3.0552,-0.8271,1.877,4.49,2.245,2.245,2382.2837,1039.3694,5.793,4.0178,0.6306,1.877,4.49,2.245,2.245,2379.9978,1049.6167,2.7815,4.7,-0.0001,1.877,4.49,2.245,2.245,2398.9329,1043.312,2.7165,4.3271,0.1302,1.877,4.49,2.245,2.245,-1.0
7.999999999999988,2373.8011,1028.9914,0.8646,2.2007,-8.0,4,9,6.5,2.5,2367.4279,1057.3438,2.7495,2.9647,-0.8656,1.877,4.49,2.245,2.245,2382.6376,1039.1624,5.7972,4.0689,0.6583,1.877,4.49,2.245,2.245,2379.5496,1049.7712,2.7801,4.6462,-0.0449,1.877,4.49,2.245,2.245,2398.5344,1043.5052,2.7374,4.3545,0.1592,1.877,4.49,2.245,2.245,-1.0
8.099999999999987,2373.9439,1029.1589,0.8541,1.3007,-9.0,4,9,6.5,2.5,2367.1509,1057.4657,2.777,2.8649,-0.8877,1.877,4.49,2.245,2.245,2382.9906,1038.9408,5.8031,4.1397,0.6683,1.877,4.49,2.245,2.245,2379.1092,1049.9223,2.7805,4.5725,-0.0886,1.877,4.49,2.245,2.245,2398.1332,1043.693,2.7584,4.3911,0.1854,1.877,4.49,2.245,2.245,-1.0
8.199999999999987,2374.0293,1029.2569,0.8484,0.3007,-10.0,4,9,6.5,2.5,2366.8873,1057.6018,2.8039,2.859,-0.9048,1.877,4.49,2.245,2.245,2383.3491,1038.713,5.8073,4.2021,0.6627,1.877,4.49,2.245,2.245,2378.683,1050.0814,2.782,4.5056,-0.1384,1.877,4.49,2.245,2.245,2397.7248,1043.8764,2.7817,4.4418,0.2103,1.877,4.49,2.245,2.245,-1.0
8.299999999999986,2374.0492,1029.2795,0.8473,-0.7993,-11.0,4,9,6.5,2.5,2366.6248,1057.7342,2.8258,2.759,-0.9112,1.877,4.49,2.245,2.245,2383.7166,1038.4898,5.8104,4.2559,0.6479,1.877,4.49,2.245,2.245,2378.263,1050.2442,2.7816,4.4752,-0.1961,1.877,4.49,2.245,2.245,2397.3055,1044.0506,2.806,4.4755,0.2325,1.877,4.49,2.245,2.245,-1.0
8.399999999999986,2373.9963,1029.2196,0.8493,-1.9993,-12.0,4,9,6.5,2.5,2366.3634,1057.8571,2.8469,2.6976,-0.9026,1.877,4.49,2.245,2.245,2384.0928,1038.2806,5.813,4.3022,0.6252,1.877,4.49,2.245,2.245,2377.844,1050.4151,2.7812,4.4415,-0.26,1.877,4.49,2.245,2.245,2396.8772,1044.2127,2.8309,4.515,0.2559,1.877,4.49,2.245,2.245,-1.0
8.499999999999986,2373.8643,1029.0695,0.8504,-2.7778,-13.0,4,9,6.5,2.5,2366.0999,1057.9648,2.8672,2.6021,-0.8804,1.877,4.49,2.245,2.245,2384.4749,1038.0804,5.8165,4.3367,0.5977,1.877,4.49,2.245,2.245,2377.4255,1050.589,2.7813,4.3924,-0.3219,1.877,4.49,2.245,2.245,2396.444,1044.3653,2.8568,4.5453,0.2789,1.877,4.49,2.245,2.245,-1.0
8.599999999999985,2373.681,1028.8607,0.8458,-2.7778,-14.0,4,9,6.5,2.5,2365.8424,1058.036,2.8888,2.4648,-0.8486,1.877,4.49,2.245,2.245,2384.8607,1037.8776,5.821,4.3847,0.5651,1.877,4.49,2.245,2.245,2377.0088,1050.7555,2.7828,4.3365,-0.3751,1.877,4.49,2.245,2.245,2396.0063,1044.5095,2.8818,4.5862,0.3011,1.877,4.49,2.245,2.245,-1.0
8.699999999999985,2373.4968,1028.6528,0.8405,-2.7778,-15.0,4,9,6.5,2.5,2365.6013,1058.0828,2.911,2.3779,-0.8126,1.877,4.49,2.245,2.245,2385.2478,1037.6629,5.8235,4.4311,0.5285,1.877,4.49,2.245,2.245,2376.5931,1050.912,2.7828,4.2437,-0.4162,1.877,4.49,2.245,2.245,2395.5636,1044.6468,2.9079,4.6148,0.3206,1.877,4.49,2.245,2.245,-1.0
8.799999999999985,2373.3115,1028.4459,0.8336,-2.7778,-15.0,4,9,6.5,2.5,2365.3714,1058.1291,2.9309,2.3445,-0.7631,1.877,4.49,2.245,2.245,2385.6346,1037.4374,5.8252,4.4469,0.4892,1.877,4.49,2.245,2.245,2376.1854,1051.0574,2.7839,4.1565,-0.444,1.877,4.49,2.245,2.245,2395.1143,1044.778,2.9354,4.6662,0.3367,1.877,4.49,2.245,2.245,-1.0
8.899999999999984,2373.1248,1028.2402,0.8249,-2.7778,-15.0,4,9,6.5,2.5,2365.1438,1058.1721,2.9467,2.3288,-0.7006,1.877,4.49,2.245,2.245,2386.0236,1037.2128,5.8258,4.4646,0.4467,1.877,4.49,2.245,2.245,2375.7884,1051.2104,2.7864,4.0905,-0.4623,1.877,4.49,2.245,2.245,2394.6561,1044.9006,2.9632,4.7058,0.3472,1.877,4.49,2.245,2.245,-1.0
8.999999999999984,2372.9363,1028.0362,0.8146,-2.7778,-14.0,4,9,6.5,2.5,2364.9169,1058.2175,2.9623,2.282,-0.6208,1.877,4.49,2.245,2.245,2386.418,1036.9991,5.8262,4.482,0.4011,1.877,4.49,2.245,2.245,2375.4102,1051.3792,2.7914,4.035,-0.4675,1.877,4.49,2.245,2.245,2394.1887,1045.0103,2.9922,4.7575,0.3607,1.877,4.49,2.245,2.245,-1.0
9.099999999999984,2372.7457,1027.8341,0.8033,-2.7778,-13.0,4,9,6.5,2.5,2364.6877,1058.2631,2.9796,2.306,-0.5236,1.877,4.49,2.245,2.245,2386.8175,1036.7981,5.826,4.4981,0.3512,1.877,4.49,2.245,2.245,2375.0378,1051.5526,2.7947,4.0005,-0.4601,1.877,4.49,2.245,2.245,2393.7139,1045.0992,3.0228,4.8046,0.377,1.877,4.49,2.245,2.245,-1.0
9.199999999999983,2372.5528,1027.6342,0.7903,-2.7778,-12.0,4,9,6.5,2.5,2364.4504,1058.3088,2.9975,2.3481,-0.4024,1.877,4.49,2.245,2.245,2387.2212,1036.6045,5.8258,4.5109,0.2998,1.877,4.49,2.245,2.245,2374.6593,1051.7109,2.7945,4.0086,-0.4406,1.877,4.49,2.245,2.245,2393.2305,1045.1769,3.0549,4.836,0.3983,1.877,4.49,2.245,2.245,-1.0
9.299999999999983,2372.3574,1027.4368,0.7755,-2.7778,-11.0,4,9,6.5,2.5,2364.2055,1058.3531,3.0148,2.4,-0.2663,1.877,4.49,2.245,2.245,2387.6225,1036.4028,5.8258,4.502,0.2507,1.877,4.49,2.245,2.245,2374.2721,1051.851,2.7947,3.9836,-0.4052,1.877,4.49,2.245,2.245,2392.7398,1045.2447,3.0888,4.8504,0.4182,1.877,4.49,2.245,2.245,-1.0
9.399999999999983,2372.159,1027.2424,0.7596,-2.7778,-10.0,4,9,6.5,2.5,2363.9551,1058.3983,3.0325,2.4703,-0.1221,1.877,4.49,2.245,2.245,2388.0165,1036.1884,5.8244,4.482,0.205,1.877,4.49,2.245,2.245,2373.876,1051.981,2.7958,4.0044,-0.3573,1.877,4.49,2.245,2.245,2392.2408,1045.2948,3.1227,4.9425,0.4402,1.877,4.49,2.245,2.245,-1.0
9.499999999999982,2371.9576,1027.0511,0.7419,-2.7778,-9.0,4,9,6.5,2.5,2363.7019,1058.4478,3.0515,2.499,0.0302,1.877,4.49,2.245,2.245,2388.4042,1035.9655,5.8219,4.4612,0.1606,1.877,4.49,2.245,2.245,2373.4739,1052.1134,2.7975,4.0086,-0.3021,1.877,4.49,2.245,2.245,2391.736,1045.3221,3.1551,5.01,0.4608,1.877,4.49,2.245,2.245,-1.0
9.599999999999982,2371.7528,1026.8634,0.7233,-2.7778,-8.0,4,9,6.5,2.5,2363.4372,1058.4844,3.0667,2.6544,0.1845,1.877,4.49,2.245,2.245,2388.7911,1035.7435,5.8179,4.4665,0.1174,1.877,4.49,2.245,2.245,2373.076,1052.2593,2.8004,3.9855,-0.2476,1.877,4.49,2.245,2.245,2391.2251,1045.3262,3.1848,5.0882,0.4749,1.877,4.49,2.245,2.245,-1.0
9.699999999999982,2371.5446,1026.6795,0.7027,-2.7778,-7.0,4,9,6.5,2.5,2363.1541,1058.4945,3.0785,2.7721,0.3325,1.877,4.49,2.245,2.245,2389.1844,1035.5296,5.8132,4.4649,0.076,1.877,4.49,2.245,2.245,2372.6856,1052.4198,2.8025,4.015,-0.1954,1.877,4.49,2.245,2.245,2390.7075,1045.3199,3.2141,5.1254,0.4828,1.877,4.49,2.245,2.245,-1.0
9.799999999999981,2371.3326,1026.5,0.681,-2.7778,-6.0,4,9,6.5,2.5,2362.8568,1058.4948,3.0923,2.8934,0.4604,1.877,4.49,2.245,2.245,2389.5847,1035.3267,5.8097,4.4604,0.0421,1.877,4.49,2.245,2.245,2372.2996,1052.5864,2.8019,4.035,-0.1464,1.877,4.49,2.245,2.245,2390.1826,1045.2947,3.2404,5.2091,0.486,1.877,4.49,2.245,2.245,-1.0
9.89999999999998,2371.1168,1026.3251,0.6575,-2.7778,-5.0,4,9,6.5,2.5,2362.549,1058.5061,3.1114,3.0188,0.5682,1.877,4.49,2.245,2.245,2389.9854,1035.1306,5.8074,4.4349,0.017,1.877,4.49,2.245,2.245,2371.9137,1052.7474,2.7992,4.0394,-0.1059,1.877,4.49,2.245,2.245,2389.653,1045.2535,3.2623,5.2573,0.4775,1.877,4.49,2.245,2.245,-1.0
9.99999999999998,2370.8969,1026.1554,0.6329,-2.7778,-4.0,4,9,6.5,2.5,2362.2271,1058.5279,3.1304,3.1654,0.66,1.877,4.49,2.245,2.245,2390.378,1034.9295,5.805,4.417,0.0016,1.877,4.49,2.245,2.245,2371.529,1052.9002,2.7976,4.0163,-0.0811,1.877,4.49,2.245,2.245,2389.123,1045.2012,3.2831,5.2665,0.4569,1.877,4.49,2.245,2.245,-1.0
10.09999999999998,2370.6729,1025.9911,0.6062,-2.7778,-3.0553,4,9,6.5,2.5,2361.8941,1058.5455,3.1465,3.2779,0.7237,1.877,4.49,2.245,2.245,2390.7618,1034.7164,5.8017,4.4036,-0.0115,1.877,4.49,2.245,2.245,2371.1467,1053.0467,2.7986,4.0542,-0.0654,1.877,4.49,2.245,2.245,2388.5958,1045.1366,3.3028,5.2804,0.4278,1.877,4.49,2.245,2.245,-1.0
10.19999999999998,2370.4447,1025.8328,0.5785,-2.7778,-2.7683,4,9,6.5,2.5,2361.5522,1058.5623,3.163,3.2961,0.7549,1.877,4.49,2.245,2.245,2391.1418,1034.4885,5.7981,4.4212,-0.0238,1.877,4.49,2.245,2.245,2370.765,1053.1857,2.7973,4.0559,-0.0572,1.877,4.49,2.245,2.245,2388.074,1045.0708,3.3203,5.2809,0.3939,1.877,4.49,2.245,2.245,-1.0
10.29999999999998,2370.2121,1025.6809,0.5488,-2.7778,-2.521,4,9,6.5,2.5,2361.2017,1058.5821,3.1809,3.3749,0.7585,1.877,4.49,2.245,2.245,2391.5259,1034.2598,5.7923,4.4228,-0.0347,1.877,4.49,2.245,2.245,2370.3798,1053.3173,2.7913,4.053,-0.0566,1.877,4.49,2.245,2.245,2387.5551,1044.9986,3.3361,5.2861,0.3506,1.877,4.49,2.245,2.245,-1.0
10.399999999999979,2369.9751,1025.536,0.518,-2.7778,-2.2404,4,9,6.5,2.5,2360.8397,1058.5965,3.1968,3.433,0.7367,1.877,4.49,2.245,2.245,2391.9149,1034.0454,5.7825,4.4354,-0.0394,1.877,4.49,2.245,2.245,2370.0006,1053.4578,2.7863,3.9791,-0.0624,1.877,4.49,2.245,2.245,2387.0371,1044.9198,3.3523,5.2778,0.2982,1.877,4.49,2.245,2.245,-1.0
10.499999999999979,2369.7337,1025.3985,0.486,-2.7778,-2.0423,4,9,6.5,2.5,2360.4745,1058.6009,3.2091,3.4697,0.6855,1.877,4.49,2.245,2.245,2392.3029,1033.8352,5.7709,4.4083,-0.0408,1.877,4.49,2.245,2.245,2369.6304,1053.6189,2.7852,3.958,-0.0733,1.877,4.49,2.245,2.245,2386.5191,1044.8286,3.3705,5.3085,0.2418,1.877,4.49,2.245,2.245,-1.0
10.599999999999978,2369.4881,1025.2687,0.453,-2.7778,-1.8522,4,9,6.5,2.5,2360.1119,1058.5936,3.2217,3.4523,0.6136,1.877,4.49,2.245,2.245,2392.684,1033.6165,5.759,4.3923,-0.0394,1.877,4.49,2.245,2.245,2369.266,1053.7993,2.7866,3.9675,-0.0948,1.877,4.49,2.245,2.245,2385.9984,1044.7197,3.3874,5.3094,0.1793,1.877,4.49,2.245,2.245,-1.0
10.699999999999978,2369.2384,1025.1472,0.4179,-2.7778,-1.6445,4,9,6.5,2.5,2359.7538,1058.5663,3.2341,3.4754,0.5346,1.877,4.49,2.245,2.245,2393.0616,1033.3879,5.746,4.3861,-0.0371,1.877,4.49,2.245,2.245,2368.8961,1053.9701,2.7837,3.9548,-0.1216,1.877,4.49,2.245,2.245,2385.4772,1044.5998,3.4036,5.2923,0.1144,1.877,4.49,2.245,2.245,-1.0
10.799999999999978,2368.9845,1025.0344,0.3817,-2.7778,-1.4953,4,9,6.5,2.5,2359.4033,1058.5199,3.2429,3.4768,0.4572,1.877,4.49,2.245,2.245,2393.4342,1033.1511,5.7301,4.4052,-0.0321,1.877,4.49,2.245,2.245,2368.5207,1054.1234,2.7804,3.9306,-0.145,1.877,4.49,2.245,2.245,2384.9604,1044.4724,3.4201,5.2545,0.0476,1.877,4.49,2.245,2.245,-1.0
10.899999999999977,2368.7267,1024.9309,0.3445,-2.7778,-1.3336,4,9,6.5,2.5,2359.061,1058.4635,3.248,3.4312,0.39,1.877,4.49,2.245,2.245,2393.8019,1032.9103,5.7112,4.388,-0.0264,1.877,4.49,2.245,2.245,2368.1474,1054.2699,2.7816,3.8801,-0.1609,1.877,4.49,2.245,2.245,2384.4495,1044.3405,3.4364,5.2173,-0.0127,1.877,4.49,2.245,2.245,-1.0
10.999999999999977,2368.4653,1024.8371,0.3061,-2.7778,-1.2084,4,9,6.5,2.5,2358.7225,1058.4184,3.2504,3.4235,0.3297,1.877,4.49,2.245,2.245,2394.1644,1032.6603,5.6922,4.3859,-0.0132,1.877,4.49,2.245,2.245,2367.7824,1054.4172,2.7884,3.8284,-0.1707,1.877,4.49,2.245,2.245,2383.9459,1044.21,3.4496,5.1389,-0.0699,1.877,4.49,2.245,2.245,-1.0
11.099999999999977,2368.2004,1024.7534,0.2666,-2.7778,-1.0714,4,9,6.5,2.5,2358.3848,1058.3977,3.2507,3.3966,0.2766,1.877,4.49,2.245,2.245,2394.5205,1032.3906,5.6761,4.4023,0.0039,1.877,4.49,2.245,2.245,2367.421,1054.5678,2.7972,3.8057,-0.185,1.877,4.49,2.245,2.245,2383.448,1044.0758,3.4641,5.0854,-0.124,1.877,4.49,2.245,2.245,-1.0
11.199999999999976,2367.9324,1024.6803,0.226,-2.7778,-0.9736,4,9,6.5,2.5,2358.0431,1058.3898,3.2466,3.4499,0.2241,1.877,4.49,2.245,2.245,2394.8735,1032.1126,5.6585,4.4272,0.0228,1.877,4.49,2.245,2.245,2367.0622,1054.7278,2.8074,3.8323,-0.2049,1.877,4.49,2.245,2.245,2382.959,1043.926,3.4794,5.0249,-0.1772,1.877,4.49,2.245,2.245,-1.0
11.299999999999976,2367.6617,1024.618,0.1833,-2.7778,-0.8847,4,9,6.5,2.5,2357.6902,1058.3758,3.2394,3.5289,0.1692,1.877,4.49,2.245,2.245,2395.2261,1031.8366,5.6383,4.4402,0.0401,1.877,4.49,2.245,2.245,2366.7001,1054.8892,2.8173,3.7958,-0.2259,1.877,4.49,2.245,2.245,2382.4732,1043.7639,3.4954,5.0256,-0.227,1.877,4.49,2.245,2.245,-1.0
11.399999999999975,2367.3886,1024.5674,0.1395,-2.7778,-0.7812,4,9,6.5,2.5,2357.3271,1058.3527,3.2326,3.5277,0.1195,1.877,4.49,2.245,2.245,2395.5792,1031.5605,5.6171,4.4866,0.0594,1.877,4.49,2.245,2.245,2366.3331,1055.0317,2.8258,3.787,-0.2427,1.877,4.49,2.245,2.245,2381.9891,1043.5911,3.5112,5.0052,-0.2732,1.877,4.49,2.245,2.245,-1.0
11.499999999999975,2367.1135,1024.5287,0.0946,-2.7778,-0.7096,4,9,6.5,2.5,2356.9615,1058.3291,3.233,3.496,0.0802,1.877,4.49,2.245,2.245,2395.9294,1031.2783,5.5962,4.4877,0.0792,1.877,4.49,2.245,2.245,2365.9645,1055.1512,2.8336,3.7181,-0.2546,1.877,4.49,2.245,2.245,2381.5058,1043.4202,3.5299,4.9713,-0.3132,1.877,4.49,2.245,2.245,-1.0
11.599999999999975,2366.837,1024.5025,0.0496,-2.7778,-0.6202,4,9,6.5,2.5,2356.6037,1058.2892,3.2379,3.4471,0.0578,1.877,4.49,2.245,2.245,2396.2752,1030.9867,5.5746,4.4988,0.0969,1.877,4.49,2.245,2.245,2365.6062,1055.2662,2.8433,3.6581,-0.2627,1.877,4.49,2.245,2.245,2381.0247,1043.2446,3.5491,4.8997,-0.3428,1.877,4.49,2.245,2.245,-1.0
11.699999999999974,2366.5595,1024.4887,0.0036,-2.7778,-0.5546,4,9,6.5,2.5,2356.2574,1058.2384,3.2463,3.375,0.0434,1.877,4.49,2.245,2.245,2396.6138,1030.6864,5.5518,4.5106,0.1119,1.877,4.49,2.245,2.245,2365.2595,1055.3812,2.8521,3.6299,-0.2712,1.877,4.49,2.245,2.245,2380.5523,1043.0584,3.568,4.844,-0.3589,1.877,4.49,2.245,2.245,-1.0
11.799999999999974,2366.2818,1024.4877,-0.0436,-2.7778,-0.4799,4,9,6.5,2.5,2355.9198,1058.198,3.2589,3.3409,0.0274,1.877,4.49,2.245,2.245,2396.9411,1030.3745,5.5267,4.5362,0.1218,1.877,4.49,2.245,2.245,2364.917,1055.4959,2.8593,3.6048,-0.2747,1.877,4.49,2.245,2.245,2380.0924,1042.8636,3.5888,4.7819,-0.3644,1.877,4.49,2.245,2.245,-1.0
11.899999999999974,2366.0043,1024.4998,-0.0917,-2.7778,-0.4132,4,9,6.5,2.5,2355.5826,1058.1733,3.2751,3.3648,0.0148,1.877,4.49,2.245,2.245,2397.2646,1030.0549,5.5015,4.547,0.1268,1.877,4.49,2.245,2.245,2364.5756,1055.6238,2.8669,3.5672,-0.2805,1.877,4.49,2.245,2.245,2379.6471,1042.6633,3.6112,4.7053,-0.3607,1.877,4.49,2.245,2.245,-1.0
11.999999999999973,2365.7276,1024.5252,-0.141,-2.7778,-0.3616,4,9,6.5,2.5,2355.2345,1058.1532,3.2921,3.4212,0.0095,1.877,4.49,2.245,2.245,2397.5898,1029.7312,5.4767,4.5594,0.1302,1.877,4.49,2.245,2.245,2364.2308,1055.75,2.8758,3.549,-0.2791,1.877,4.49,2.245,2.245,2379.2129,1042.4583,3.6344,4.6898,-0.3485,1.877,4.49,2.245,2.245,-1.0
12.099999999999973,2365.4526,1024.5643,-0.1913,-2.7778,-0.3027,4,9,6.5,2.5,2354.8761,1058.1327,3.3076,3.4582,0.0148,1.877,4.49,2.245,2.245,2397.9105,1029.3998,5.4523,4.5824,0.1329,1.877,4.49,2.245,2.245,2363.8774,1055.8561,2.8837,3.5489,-0.2663,1.877,4.49,2.245,2.245,2378.784,1042.2513,3.6557,4.6878,-0.3249,1.877,4.49,2.245,2.245,-1.0
12.199999999999973,2365.1799,1024.6171,-0.2426,-2.7778,-0.2596,4,9,6.5,2.5,2354.5134,1058.1027,3.3222,3.476,0.0285,1.877,4.49,2.245,2.245,2398.2204,1029.0592,5.4274,4.5731,0.1364,1.877,4.49,2.245,2.245,2363.5177,1055.9411,2.8922,3.5546,-0.2447,1.877,4.49,2.245,2.245,2378.3551,1042.0444,3.6783,4.7176,-0.2938,1.877,4.49,2.245,2.245,-1.0
12.299999999999972,2364.9103,1024.6838,-0.294,-2.7778,-0.2064,4,9,6.5,2.5,2354.1497,1058.0574,3.3354,3.5001,0.0481,1.877,4.49,2.245,2.245,2398.5177,1028.7047,5.403,4.6015,0.1362,1.877,4.49,2.245,2.245,2363.1573,1056.0158,2.9038,3.4987,-0.2149,1.877,4.49,2.245,2.245,2377.9304,1041.8206,3.7019,4.7367,-0.2592,1.877,4.49,2.245,2.245,-1.0
12.399999999999972,2364.6444,1024.7643,-0.3464,-2.7778,-0.1698,4,9,6.5,2.5,2353.7873,1057.9942,3.3469,3.5112,0.0687,1.877,4.49,2.245,2.245,2398.8055,1028.3378,5.3796,4.613,0.1346,1.877,4.49,2.245,2.245,2362.7977,1056.0907,2.9185,3.5042,-0.1806,1.877,4.49,2.245,2.245,2377.5118,1041.5787,3.7254,4.7474,-0.2148,1.877,4.49,2.245,2.245,-1.0
12.499999999999972,2364.3831,1024.8586,-0.3999,-2.7778,-0.1256,4,9,6.5,2.5,2353.4266,1057.905,3.3581,3.5295,0.0822,1.877,4.49,2.245,2.245,2399.0878,1027.9644,5.357,4.6276,0.135,1.877,4.49,2.245,2.245,2362.4373,1056.1721,2.9329,3.5226,-0.1419,1.877,4.49,2.245,2.245,2377.0978,1041.3261,3.7489,4.7596,-0.1653,1.877,4.49,2.245,2.245,-1.0
12.599999999999971,2364.1273,1024.9668,-0.4543,-2.7778,-0.085,4,9,6.5,2.5,2353.0632,1057.8121,3.3716,3.4964,0.0871,1.877,4.49,2.245,2.245,2399.3655,1027.5851,5.335,4.6529,0.1343,1.877,4.49,2.245,2.245,2362.0783,1056.2686,2.9468,3.5436,-0.1038,1.877,4.49,2.245,2.245,2376.6906,1041.0655,3.7722,4.7498,-0.1132,1.877,4.49,2.245,2.245,-1.0
12.69999999999997,2363.8777,1025.0887,-0.5087,-2.7778,-0.0554,4,9,6.5,2.5,2352.7021,1057.7329,3.3828,3.4965,0.0862,1.877,4.49,2.245,2.245,2399.6369,1027.1988,5.3169,4.6414,0.1387,1.877,4.49,2.245,2.245,2361.7208,1056.3659,2.9592,3.5775,-0.0702,1.877,4.49,2.245,2.245,2376.2916,1040.8005,3.7948,4.7164,-0.0631,1.877,4.49,2.245,2.245,-1.0
12.79999999999997,2363.6351,1025.224,-0.5642,-2.7778,-0.0175,4,9,6.5,2.5,2352.3399,1057.6708,3.3933,3.5215,0.0826,1.877,4.49,2.245,2.245,2399.8995,1026.8022,5.3019,4.6558,0.1461,1.877,4.49,2.245,2.245,2361.3608,1056.4436,2.9729,3.576,-0.0312,1.877,4.49,2.245,2.245,2375.8996,1040.5249,3.8185,4.7506,-0.0144,1.877,4.49,2.245,2.245,-1.0
12.89999999999997,2363.4003,1025.3725,-0.6196,-2.7762,0.0154,4,9,6.5,2.5,2351.9848,1057.6044,3.4021,3.5252,0.0733,1.877,4.49,2.245,2.245,2400.157,1026.3988,5.2881,4.6906,0.1576,1.877,4.49,2.245,2.245,2360.9977,1056.5031,2.9877,3.6118,0.008,1.877,4.49,2.245,2.245,2375.5108,1040.2376,3.8406,4.7823,0.0275,1.877,4.49,2.245,2.245,-1.0
12.99999999999997,2363.1743,1025.5337,-0.676,-2.7724,0.0385,4,9,6.5,2.5,2351.6337,1057.5255,3.412,3.5226,0.0543,1.877,4.49,2.245,2.245,2400.4064,1025.9881,5.2763,4.6952,0.1696,1.877,4.49,2.245,2.245,2360.6322,1056.5546,3.0042,3.6222,0.0467,1.877,4.49,2.245,2.245,2375.1195,1039.9442,3.864,4.8284,0.0605,1.877,4.49,2.245,2.245,-1.0
13.09999999999997,2362.958,1025.7072,-0.7332,-2.7655,0.0688,4,9,6.5,2.5,2351.283,1057.4405,3.4236,3.525,0.0384,1.877,4.49,2.245,2.245,2400.6481,1025.5671,5.267,4.7399,0.1809,1.877,4.49,2.245,2.245,2360.2647,1056.607,3.0218,3.6213,0.0834,1.877,4.49,2.245,2.245,2374.7275,1039.6409,3.8878,4.8749,0.0862,1.877,4.49,2.245,2.245,3.0
